forecast_id,date,section,line,window_start,window_end,train_type,forecast_priority
GDS-1,2026-09-01,STN_A-STN_B,UP_MAIN,2026-09-01 17:32,2026-09-01 17:52,GOODS,HIGH
GDS-2,2026-09-01,STN_A-STN_B,UP_MAIN,2026-09-01 05:42,2026-09-01 06:02,GOODS,HIGH
GDS-3,2026-09-01,STN_A-STN_B,UP_MAIN,2026-09-01 07:11,2026-09-01 07:36,GOODS,MEDIUM
GDS-4,2026-09-01,STN_A-STN_B,UP_MAIN,2026-09-01 03:32,2026-09-01 03:57,GOODS,MEDIUM
GDS-5,2026-09-01,STN_A-STN_B,DN_MAIN,2026-09-01 23:25,2026-09-01 23:50,GOODS,HIGH
GDS-6,2026-09-01,STN_A-STN_B,DN_MAIN,2026-09-01 15:40,2026-09-01 16:10,GOODS,HIGH
GDS-7,2026-09-01,STN_B-STN_C,UP_MAIN,2026-09-01 02:30,2026-09-01 02:50,GOODS,HIGH
GDS-8,2026-09-01,STN_B-STN_C,UP_MAIN,2026-09-01 08:35,2026-09-01 08:55,GOODS,HIGH
GDS-9,2026-09-01,STN_B-STN_C,DN_MAIN,2026-09-01 13:54,2026-09-01 14:39,GOODS,MEDIUM
GDS-10,2026-09-01,STN_B-STN_C,DN_MAIN,2026-09-01 21:30,2026-09-01 22:15,GOODS,MEDIUM
GDS-11,2026-09-01,STN_B-STN_C,DN_MAIN,2026-09-01 10:47,2026-09-01 11:07,GOODS,MEDIUM
GDS-12,2026-09-01,STN_B-STN_C,DN_MAIN,2026-09-01 22:58,2026-09-01 23:18,GOODS,HIGH
GDS-13,2026-09-01,STN_C-STN_D,UP_MAIN,2026-09-01 19:59,2026-09-01 20:19,GOODS,HIGH
GDS-14,2026-09-01,STN_C-STN_D,UP_MAIN,2026-09-01 12:12,2026-09-01 12:32,GOODS,MEDIUM
GDS-15,2026-09-01,STN_C-STN_D,DN_MAIN,2026-09-01 20:42,2026-09-01 21:02,GOODS,MEDIUM
GDS-16,2026-09-01,STN_C-STN_D,DN_MAIN,2026-09-01 14:56,2026-09-01 15:41,GOODS,MEDIUM
GDS-17,2026-09-01,STN_C-STN_D,DN_MAIN,2026-09-01 22:33,2026-09-01 22:53,GOODS,MEDIUM
GDS-18,2026-09-01,STN_C-STN_D,DN_MAIN,2026-09-01 05:20,2026-09-01 05:45,GOODS,HIGH
GDS-19,2026-09-02,STN_A-STN_B,UP_MAIN,2026-09-02 18:37,2026-09-02 19:07,GOODS,HIGH
GDS-20,2026-09-02,STN_A-STN_B,UP_MAIN,2026-09-02 10:10,2026-09-02 10:40,GOODS,HIGH
GDS-21,2026-09-02,STN_A-STN_B,UP_MAIN,2026-09-02 18:53,2026-09-02 19:18,GOODS,HIGH
GDS-22,2026-09-02,STN_A-STN_B,UP_MAIN,2026-09-02 01:25,2026-09-02 01:45,GOODS,MEDIUM
GDS-23,2026-09-02,STN_A-STN_B,UP_MAIN,2026-09-02 18:20,2026-09-02 18:40,GOODS,MEDIUM
GDS-24,2026-09-02,STN_A-STN_B,DN_MAIN,2026-09-02 11:44,2026-09-02 12:09,GOODS,MEDIUM
GDS-25,2026-09-02,STN_A-STN_B,DN_MAIN,2026-09-02 22:02,2026-09-02 22:27,GOODS,HIGH
GDS-26,2026-09-02,STN_A-STN_B,DN_MAIN,2026-09-02 06:16,2026-09-02 06:41,GOODS,MEDIUM
GDS-27,2026-09-02,STN_B-STN_C,UP_MAIN,2026-09-02 03:54,2026-09-02 04:19,GOODS,HIGH
GDS-28,2026-09-02,STN_B-STN_C,UP_MAIN,2026-09-02 18:44,2026-09-02 19:29,GOODS,HIGH
GDS-29,2026-09-02,STN_B-STN_C,UP_MAIN,2026-09-02 09:55,2026-09-02 10:15,GOODS,MEDIUM
GDS-30,2026-09-02,STN_B-STN_C,DN_MAIN,2026-09-02 06:44,2026-09-02 07:29,GOODS,MEDIUM
GDS-31,2026-09-02,STN_B-STN_C,DN_MAIN,2026-09-02 12:11,2026-09-02 12:36,GOODS,HIGH
GDS-32,2026-09-02,STN_C-STN_D,UP_MAIN,2026-09-02 09:43,2026-09-02 10:03,GOODS,HIGH
GDS-33,2026-09-02,STN_C-STN_D,UP_MAIN,2026-09-02 10:50,2026-09-02 11:35,GOODS,MEDIUM
GDS-34,2026-09-02,STN_C-STN_D,DN_MAIN,2026-09-02 21:02,2026-09-02 21:32,GOODS,HIGH
GDS-35,2026-09-02,STN_C-STN_D,DN_MAIN,2026-09-02 19:18,2026-09-02 19:48,GOODS,MEDIUM
GDS-36,2026-09-02,STN_C-STN_D,DN_MAIN,2026-09-02 14:37,2026-09-02 15:02,GOODS,HIGH
GDS-37,2026-09-02,STN_C-STN_D,DN_MAIN,2026-09-02 10:41,2026-09-02 11:06,GOODS,HIGH
GDS-38,2026-09-03,STN_A-STN_B,UP_MAIN,2026-09-03 09:26,2026-09-03 09:56,GOODS,HIGH
GDS-39,2026-09-03,STN_A-STN_B,UP_MAIN,2026-09-03 23:11,2026-09-03 23:41,GOODS,MEDIUM
GDS-40,2026-09-03,STN_A-STN_B,UP_MAIN,2026-09-03 15:47,2026-09-03 16:32,GOODS,MEDIUM
GDS-41,2026-09-03,STN_A-STN_B,UP_MAIN,2026-09-03 10:25,2026-09-03 11:10,GOODS,HIGH
GDS-42,2026-09-03,STN_A-STN_B,UP_MAIN,2026-09-03 05:59,2026-09-03 06:19,GOODS,MEDIUM
GDS-43,2026-09-03,STN_A-STN_B,DN_MAIN,2026-09-03 18:23,2026-09-03 18:48,GOODS,MEDIUM
GDS-44,2026-09-03,STN_A-STN_B,DN_MAIN,2026-09-03 21:23,2026-09-03 21:43,GOODS,HIGH
GDS-45,2026-09-03,STN_A-STN_B,DN_MAIN,2026-09-03 00:38,2026-09-03 00:58,GOODS,MEDIUM
GDS-46,2026-09-03,STN_B-STN_C,UP_MAIN,2026-09-03 01:15,2026-09-03 01:45,GOODS,MEDIUM
GDS-47,2026-09-03,STN_B-STN_C,UP_MAIN,2026-09-03 22:19,2026-09-03 22:44,GOODS,MEDIUM
GDS-48,2026-09-03,STN_B-STN_C,UP_MAIN,2026-09-03 13:23,2026-09-03 13:48,GOODS,MEDIUM
GDS-49,2026-09-03,STN_B-STN_C,DN_MAIN,2026-09-03 15:51,2026-09-03 16:11,GOODS,MEDIUM
GDS-50,2026-09-03,STN_B-STN_C,DN_MAIN,2026-09-03 12:25,2026-09-03 12:45,GOODS,HIGH
GDS-51,2026-09-03,STN_B-STN_C,DN_MAIN,2026-09-03 20:57,2026-09-03 21:22,GOODS,HIGH
GDS-52,2026-09-03,STN_C-STN_D,UP_MAIN,2026-09-03 05:26,2026-09-03 05:51,GOODS,HIGH
GDS-53,2026-09-03,STN_C-STN_D,UP_MAIN,2026-09-03 16:30,2026-09-03 17:00,GOODS,HIGH
GDS-54,2026-09-03,STN_C-STN_D,UP_MAIN,2026-09-03 07:28,2026-09-03 08:13,GOODS,HIGH
GDS-55,2026-09-03,STN_C-STN_D,UP_MAIN,2026-09-03 02:08,2026-09-03 02:38,GOODS,MEDIUM
GDS-56,2026-09-03,STN_C-STN_D,UP_MAIN,2026-09-03 07:59,2026-09-03 08:19,GOODS,HIGH
GDS-57,2026-09-03,STN_C-STN_D,DN_MAIN,2026-09-03 13:14,2026-09-03 13:59,GOODS,MEDIUM
GDS-58,2026-09-03,STN_C-STN_D,DN_MAIN,2026-09-03 01:35,2026-09-03 01:55,GOODS,MEDIUM
GDS-59,2026-09-03,STN_C-STN_D,DN_MAIN,2026-09-03 03:31,2026-09-03 04:01,GOODS,MEDIUM
GDS-60,2026-09-03,STN_C-STN_D,DN_MAIN,2026-09-03 19:45,2026-09-03 20:10,GOODS,MEDIUM
GDS-61,2026-09-04,STN_A-STN_B,UP_MAIN,2026-09-04 12:28,2026-09-04 12:48,GOODS,MEDIUM
GDS-62,2026-09-04,STN_A-STN_B,UP_MAIN,2026-09-04 12:50,2026-09-04 13:15,GOODS,MEDIUM
GDS-63,2026-09-04,STN_A-STN_B,UP_MAIN,2026-09-04 12:02,2026-09-04 12:32,GOODS,MEDIUM
GDS-64,2026-09-04,STN_A-STN_B,UP_MAIN,2026-09-04 16:27,2026-09-04 16:47,GOODS,HIGH
GDS-65,2026-09-04,STN_A-STN_B,UP_MAIN,2026-09-04 15:00,2026-09-04 15:25,GOODS,HIGH
GDS-66,2026-09-04,STN_A-STN_B,DN_MAIN,2026-09-04 17:33,2026-09-04 18:03,GOODS,HIGH
GDS-67,2026-09-04,STN_A-STN_B,DN_MAIN,2026-09-04 05:07,2026-09-04 05:32,GOODS,HIGH
GDS-68,2026-09-04,STN_B-STN_C,UP_MAIN,2026-09-04 20:32,2026-09-04 20:52,GOODS,HIGH
GDS-69,2026-09-04,STN_B-STN_C,UP_MAIN,2026-09-04 14:09,2026-09-04 14:39,GOODS,HIGH
GDS-70,2026-09-04,STN_B-STN_C,UP_MAIN,2026-09-04 16:26,2026-09-04 17:11,GOODS,MEDIUM
GDS-71,2026-09-04,STN_B-STN_C,UP_MAIN,2026-09-04 07:11,2026-09-04 07:36,GOODS,MEDIUM
GDS-72,2026-09-04,STN_B-STN_C,DN_MAIN,2026-09-04 08:19,2026-09-04 08:39,GOODS,HIGH
GDS-73,2026-09-04,STN_B-STN_C,DN_MAIN,2026-09-04 19:34,2026-09-04 19:59,GOODS,HIGH
GDS-74,2026-09-04,STN_C-STN_D,UP_MAIN,2026-09-04 19:32,2026-09-04 19:57,GOODS,HIGH
GDS-75,2026-09-04,STN_C-STN_D,UP_MAIN,2026-09-04 05:40,2026-09-04 06:10,GOODS,HIGH
GDS-76,2026-09-04,STN_C-STN_D,DN_MAIN,2026-09-04 20:27,2026-09-04 20:47,GOODS,MEDIUM
GDS-77,2026-09-04,STN_C-STN_D,DN_MAIN,2026-09-04 02:55,2026-09-04 03:20,GOODS,MEDIUM
GDS-78,2026-09-04,STN_C-STN_D,DN_MAIN,2026-09-04 20:42,2026-09-04 21:27,GOODS,MEDIUM
GDS-79,2026-09-04,STN_C-STN_D,DN_MAIN,2026-09-04 05:49,2026-09-04 06:14,GOODS,MEDIUM
GDS-80,2026-09-04,STN_C-STN_D,DN_MAIN,2026-09-04 20:30,2026-09-04 20:55,GOODS,HIGH
GDS-81,2026-09-05,STN_A-STN_B,UP_MAIN,2026-09-05 05:43,2026-09-05 06:13,GOODS,MEDIUM
GDS-82,2026-09-05,STN_A-STN_B,UP_MAIN,2026-09-05 20:21,2026-09-05 20:41,GOODS,HIGH
GDS-83,2026-09-05,STN_A-STN_B,UP_MAIN,2026-09-05 12:54,2026-09-05 13:39,GOODS,HIGH
GDS-84,2026-09-05,STN_A-STN_B,UP_MAIN,2026-09-05 03:42,2026-09-05 04:02,GOODS,HIGH
GDS-85,2026-09-05,STN_A-STN_B,DN_MAIN,2026-09-05 05:06,2026-09-05 05:26,GOODS,HIGH
GDS-86,2026-09-05,STN_A-STN_B,DN_MAIN,2026-09-05 16:14,2026-09-05 16:34,GOODS,HIGH
GDS-87,2026-09-05,STN_A-STN_B,DN_MAIN,2026-09-05 03:10,2026-09-05 03:55,GOODS,HIGH
GDS-88,2026-09-05,STN_A-STN_B,DN_MAIN,2026-09-05 20:35,2026-09-05 20:55,GOODS,MEDIUM
GDS-89,2026-09-05,STN_A-STN_B,DN_MAIN,2026-09-05 17:49,2026-09-05 18:34,GOODS,MEDIUM
GDS-90,2026-09-05,STN_B-STN_C,UP_MAIN,2026-09-05 23:48,2026-09-06 00:33,GOODS,HIGH
GDS-91,2026-09-05,STN_B-STN_C,UP_MAIN,2026-09-05 16:27,2026-09-05 17:12,GOODS,MEDIUM
GDS-92,2026-09-05,STN_B-STN_C,DN_MAIN,2026-09-05 14:31,2026-09-05 14:56,GOODS,MEDIUM
GDS-93,2026-09-05,STN_B-STN_C,DN_MAIN,2026-09-05 16:17,2026-09-05 16:42,GOODS,HIGH
GDS-94,2026-09-05,STN_C-STN_D,UP_MAIN,2026-09-05 20:25,2026-09-05 21:10,GOODS,MEDIUM
GDS-95,2026-09-05,STN_C-STN_D,UP_MAIN,2026-09-05 06:27,2026-09-05 06:47,GOODS,HIGH
GDS-96,2026-09-05,STN_C-STN_D,UP_MAIN,2026-09-05 19:43,2026-09-05 20:03,GOODS,HIGH
GDS-97,2026-09-05,STN_C-STN_D,UP_MAIN,2026-09-05 12:48,2026-09-05 13:13,GOODS,MEDIUM
GDS-98,2026-09-05,STN_C-STN_D,DN_MAIN,2026-09-05 12:21,2026-09-05 12:41,GOODS,HIGH
GDS-99,2026-09-05,STN_C-STN_D,DN_MAIN,2026-09-05 14:32,2026-09-05 15:02,GOODS,MEDIUM
GDS-100,2026-09-05,STN_C-STN_D,DN_MAIN,2026-09-05 18:17,2026-09-05 19:02,GOODS,MEDIUM
GDS-101,2026-09-05,STN_C-STN_D,DN_MAIN,2026-09-05 20:53,2026-09-05 21:23,GOODS,MEDIUM
GDS-102,2026-09-05,STN_C-STN_D,DN_MAIN,2026-09-05 06:57,2026-09-05 07:42,GOODS,MEDIUM
GDS-103,2026-09-06,STN_A-STN_B,UP_MAIN,2026-09-06 12:38,2026-09-06 13:23,GOODS,MEDIUM
GDS-104,2026-09-06,STN_A-STN_B,UP_MAIN,2026-09-06 10:28,2026-09-06 10:58,GOODS,MEDIUM
GDS-105,2026-09-06,STN_A-STN_B,UP_MAIN,2026-09-06 04:42,2026-09-06 05:02,GOODS,HIGH
GDS-106,2026-09-06,STN_A-STN_B,DN_MAIN,2026-09-06 23:52,2026-09-07 00:17,GOODS,HIGH
GDS-107,2026-09-06,STN_A-STN_B,DN_MAIN,2026-09-06 07:19,2026-09-06 08:04,GOODS,MEDIUM
GDS-108,2026-09-06,STN_A-STN_B,DN_MAIN,2026-09-06 18:47,2026-09-06 19:07,GOODS,HIGH
GDS-109,2026-09-06,STN_A-STN_B,DN_MAIN,2026-09-06 13:16,2026-09-06 13:36,GOODS,HIGH
GDS-110,2026-09-06,STN_A-STN_B,DN_MAIN,2026-09-06 04:57,2026-09-06 05:42,GOODS,MEDIUM
GDS-111,2026-09-06,STN_B-STN_C,UP_MAIN,2026-09-06 02:11,2026-09-06 02:41,GOODS,HIGH
GDS-112,2026-09-06,STN_B-STN_C,UP_MAIN,2026-09-06 12:39,2026-09-06 12:59,GOODS,HIGH
GDS-113,2026-09-06,STN_B-STN_C,DN_MAIN,2026-09-06 13:40,2026-09-06 14:10,GOODS,HIGH
GDS-114,2026-09-06,STN_B-STN_C,DN_MAIN,2026-09-06 05:58,2026-09-06 06:43,GOODS,MEDIUM
GDS-115,2026-09-06,STN_B-STN_C,DN_MAIN,2026-09-06 00:21,2026-09-06 00:46,GOODS,MEDIUM
GDS-116,2026-09-06,STN_B-STN_C,DN_MAIN,2026-09-06 06:38,2026-09-06 06:58,GOODS,HIGH
GDS-117,2026-09-06,STN_B-STN_C,DN_MAIN,2026-09-06 20:59,2026-09-06 21:24,GOODS,HIGH
GDS-118,2026-09-06,STN_C-STN_D,UP_MAIN,2026-09-06 08:09,2026-09-06 08:29,GOODS,HIGH
GDS-119,2026-09-06,STN_C-STN_D,UP_MAIN,2026-09-06 02:57,2026-09-06 03:27,GOODS,MEDIUM
GDS-120,2026-09-06,STN_C-STN_D,UP_MAIN,2026-09-06 12:03,2026-09-06 12:48,GOODS,MEDIUM
GDS-121,2026-09-06,STN_C-STN_D,UP_MAIN,2026-09-06 20:00,2026-09-06 20:25,GOODS,HIGH
GDS-122,2026-09-06,STN_C-STN_D,DN_MAIN,2026-09-06 03:04,2026-09-06 03:34,GOODS,MEDIUM
GDS-123,2026-09-06,STN_C-STN_D,DN_MAIN,2026-09-06 11:51,2026-09-06 12:21,GOODS,HIGH
GDS-124,2026-09-07,STN_A-STN_B,UP_MAIN,2026-09-07 15:31,2026-09-07 16:16,GOODS,HIGH
GDS-125,2026-09-07,STN_A-STN_B,UP_MAIN,2026-09-07 08:54,2026-09-07 09:19,GOODS,MEDIUM
GDS-126,2026-09-07,STN_A-STN_B,UP_MAIN,2026-09-07 17:16,2026-09-07 17:36,GOODS,HIGH
GDS-127,2026-09-07,STN_A-STN_B,DN_MAIN,2026-09-07 11:36,2026-09-07 11:56,GOODS,MEDIUM
GDS-128,2026-09-07,STN_A-STN_B,DN_MAIN,2026-09-07 18:21,2026-09-07 18:51,GOODS,MEDIUM
GDS-129,2026-09-07,STN_A-STN_B,DN_MAIN,2026-09-07 12:52,2026-09-07 13:37,GOODS,HIGH
GDS-130,2026-09-07,STN_A-STN_B,DN_MAIN,2026-09-07 11:35,2026-09-07 12:20,GOODS,MEDIUM
GDS-131,2026-09-07,STN_B-STN_C,UP_MAIN,2026-09-07 16:27,2026-09-07 16:47,GOODS,MEDIUM
GDS-132,2026-09-07,STN_B-STN_C,UP_MAIN,2026-09-07 02:18,2026-09-07 03:03,GOODS,HIGH
GDS-133,2026-09-07,STN_B-STN_C,DN_MAIN,2026-09-07 10:46,2026-09-07 11:31,GOODS,MEDIUM
GDS-134,2026-09-07,STN_B-STN_C,DN_MAIN,2026-09-07 17:37,2026-09-07 17:57,GOODS,MEDIUM
GDS-135,2026-09-07,STN_B-STN_C,DN_MAIN,2026-09-07 08:28,2026-09-07 08:58,GOODS,HIGH
GDS-136,2026-09-07,STN_C-STN_D,UP_MAIN,2026-09-07 22:59,2026-09-07 23:29,GOODS,HIGH
GDS-137,2026-09-07,STN_C-STN_D,UP_MAIN,2026-09-07 18:55,2026-09-07 19:20,GOODS,MEDIUM
GDS-138,2026-09-07,STN_C-STN_D,UP_MAIN,2026-09-07 10:42,2026-09-07 11:12,GOODS,HIGH
GDS-139,2026-09-07,STN_C-STN_D,UP_MAIN,2026-09-07 19:34,2026-09-07 20:04,GOODS,HIGH
GDS-140,2026-09-07,STN_C-STN_D,UP_MAIN,2026-09-07 23:19,2026-09-07 23:44,GOODS,MEDIUM
GDS-141,2026-09-07,STN_C-STN_D,DN_MAIN,2026-09-07 08:00,2026-09-07 08:25,GOODS,MEDIUM
GDS-142,2026-09-07,STN_C-STN_D,DN_MAIN,2026-09-07 07:03,2026-09-07 07:28,GOODS,HIGH
GDS-143,2026-09-07,STN_C-STN_D,DN_MAIN,2026-09-07 08:31,2026-09-07 09:01,GOODS,HIGH
GDS-144,2026-09-08,STN_A-STN_B,UP_MAIN,2026-09-08 04:05,2026-09-08 04:25,GOODS,MEDIUM
GDS-145,2026-09-08,STN_A-STN_B,UP_MAIN,2026-09-08 20:57,2026-09-08 21:17,GOODS,HIGH
GDS-146,2026-09-08,STN_A-STN_B,DN_MAIN,2026-09-08 12:40,2026-09-08 13:10,GOODS,MEDIUM
GDS-147,2026-09-08,STN_A-STN_B,DN_MAIN,2026-09-08 19:36,2026-09-08 20:06,GOODS,MEDIUM
GDS-148,2026-09-08,STN_A-STN_B,DN_MAIN,2026-09-08 06:14,2026-09-08 06:44,GOODS,MEDIUM
GDS-149,2026-09-08,STN_A-STN_B,DN_MAIN,2026-09-08 07:34,2026-09-08 07:59,GOODS,HIGH
GDS-150,2026-09-08,STN_A-STN_B,DN_MAIN,2026-09-08 17:56,2026-09-08 18:41,GOODS,MEDIUM
GDS-151,2026-09-08,STN_B-STN_C,UP_MAIN,2026-09-08 17:09,2026-09-08 17:39,GOODS,MEDIUM
GDS-152,2026-09-08,STN_B-STN_C,UP_MAIN,2026-09-08 23:25,2026-09-08 23:50,GOODS,MEDIUM
GDS-153,2026-09-08,STN_B-STN_C,DN_MAIN,2026-09-08 23:50,2026-09-09 00:35,GOODS,MEDIUM
GDS-154,2026-09-08,STN_B-STN_C,DN_MAIN,2026-09-08 23:31,2026-09-08 23:51,GOODS,HIGH
GDS-155,2026-09-08,STN_C-STN_D,UP_MAIN,2026-09-08 12:57,2026-09-08 13:17,GOODS,MEDIUM
GDS-156,2026-09-08,STN_C-STN_D,UP_MAIN,2026-09-08 12:20,2026-09-08 12:50,GOODS,HIGH
GDS-157,2026-09-08,STN_C-STN_D,UP_MAIN,2026-09-08 18:43,2026-09-08 19:13,GOODS,HIGH
GDS-158,2026-09-08,STN_C-STN_D,DN_MAIN,2026-09-08 16:05,2026-09-08 16:35,GOODS,MEDIUM
GDS-159,2026-09-08,STN_C-STN_D,DN_MAIN,2026-09-08 06:16,2026-09-08 07:01,GOODS,MEDIUM
GDS-160,2026-09-08,STN_C-STN_D,DN_MAIN,2026-09-08 07:11,2026-09-08 07:56,GOODS,MEDIUM
GDS-161,2026-09-08,STN_C-STN_D,DN_MAIN,2026-09-08 12:27,2026-09-08 13:12,GOODS,MEDIUM
GDS-162,2026-09-09,STN_A-STN_B,UP_MAIN,2026-09-09 06:08,2026-09-09 06:33,GOODS,HIGH
GDS-163,2026-09-09,STN_A-STN_B,UP_MAIN,2026-09-09 03:24,2026-09-09 03:54,GOODS,HIGH
GDS-164,2026-09-09,STN_A-STN_B,UP_MAIN,2026-09-09 18:57,2026-09-09 19:42,GOODS,MEDIUM
GDS-165,2026-09-09,STN_A-STN_B,UP_MAIN,2026-09-09 06:41,2026-09-09 07:06,GOODS,HIGH
GDS-166,2026-09-09,STN_A-STN_B,UP_MAIN,2026-09-09 16:08,2026-09-09 16:28,GOODS,HIGH
GDS-167,2026-09-09,STN_A-STN_B,DN_MAIN,2026-09-09 17:03,2026-09-09 17:28,GOODS,MEDIUM
GDS-168,2026-09-09,STN_A-STN_B,DN_MAIN,2026-09-09 16:36,2026-09-09 17:06,GOODS,MEDIUM
GDS-169,2026-09-09,STN_A-STN_B,DN_MAIN,2026-09-09 19:11,2026-09-09 19:31,GOODS,MEDIUM
GDS-170,2026-09-09,STN_A-STN_B,DN_MAIN,2026-09-09 03:22,2026-09-09 03:47,GOODS,HIGH
GDS-171,2026-09-09,STN_A-STN_B,DN_MAIN,2026-09-09 07:21,2026-09-09 07:51,GOODS,MEDIUM
GDS-172,2026-09-09,STN_B-STN_C,UP_MAIN,2026-09-09 15:21,2026-09-09 15:51,GOODS,MEDIUM
GDS-173,2026-09-09,STN_B-STN_C,UP_MAIN,2026-09-09 12:19,2026-09-09 12:49,GOODS,MEDIUM
GDS-174,2026-09-09,STN_B-STN_C,DN_MAIN,2026-09-09 00:40,2026-09-09 01:25,GOODS,HIGH
GDS-175,2026-09-09,STN_B-STN_C,DN_MAIN,2026-09-09 11:59,2026-09-09 12:24,GOODS,HIGH
GDS-176,2026-09-09,STN_B-STN_C,DN_MAIN,2026-09-09 09:42,2026-09-09 10:12,GOODS,MEDIUM
GDS-177,2026-09-09,STN_B-STN_C,DN_MAIN,2026-09-09 22:58,2026-09-09 23:43,GOODS,MEDIUM
GDS-178,2026-09-09,STN_C-STN_D,UP_MAIN,2026-09-09 13:00,2026-09-09 13:30,GOODS,MEDIUM
GDS-179,2026-09-09,STN_C-STN_D,UP_MAIN,2026-09-09 21:33,2026-09-09 21:58,GOODS,HIGH
GDS-180,2026-09-09,STN_C-STN_D,DN_MAIN,2026-09-09 14:23,2026-09-09 15:08,GOODS,HIGH
GDS-181,2026-09-09,STN_C-STN_D,DN_MAIN,2026-09-09 02:42,2026-09-09 03:07,GOODS,MEDIUM
GDS-182,2026-09-09,STN_C-STN_D,DN_MAIN,2026-09-09 07:47,2026-09-09 08:17,GOODS,MEDIUM
GDS-183,2026-09-09,STN_C-STN_D,DN_MAIN,2026-09-09 22:17,2026-09-09 22:47,GOODS,MEDIUM
GDS-184,2026-09-10,STN_A-STN_B,UP_MAIN,2026-09-10 09:15,2026-09-10 10:00,GOODS,MEDIUM
GDS-185,2026-09-10,STN_A-STN_B,UP_MAIN,2026-09-10 20:02,2026-09-10 20:47,GOODS,MEDIUM
GDS-186,2026-09-10,STN_A-STN_B,UP_MAIN,2026-09-10 05:42,2026-09-10 06:07,GOODS,HIGH
GDS-187,2026-09-10,STN_A-STN_B,UP_MAIN,2026-09-10 04:16,2026-09-10 04:41,GOODS,MEDIUM
GDS-188,2026-09-10,STN_A-STN_B,UP_MAIN,2026-09-10 23:55,2026-09-11 00:15,GOODS,HIGH
GDS-189,2026-09-10,STN_A-STN_B,DN_MAIN,2026-09-10 13:33,2026-09-10 13:53,GOODS,HIGH
GDS-190,2026-09-10,STN_A-STN_B,DN_MAIN,2026-09-10 02:10,2026-09-10 02:55,GOODS,HIGH
GDS-191,2026-09-10,STN_A-STN_B,DN_MAIN,2026-09-10 00:53,2026-09-10 01:38,GOODS,HIGH
GDS-192,2026-09-10,STN_B-STN_C,UP_MAIN,2026-09-10 08:57,2026-09-10 09:22,GOODS,HIGH
GDS-193,2026-09-10,STN_B-STN_C,UP_MAIN,2026-09-10 22:21,2026-09-10 23:06,GOODS,MEDIUM
GDS-194,2026-09-10,STN_B-STN_C,DN_MAIN,2026-09-10 08:26,2026-09-10 08:56,GOODS,MEDIUM
GDS-195,2026-09-10,STN_B-STN_C,DN_MAIN,2026-09-10 21:23,2026-09-10 21:48,GOODS,HIGH
GDS-196,2026-09-10,STN_B-STN_C,DN_MAIN,2026-09-10 17:58,2026-09-10 18:23,GOODS,HIGH
GDS-197,2026-09-10,STN_C-STN_D,UP_MAIN,2026-09-10 22:38,2026-09-10 23:08,GOODS,MEDIUM
GDS-198,2026-09-10,STN_C-STN_D,UP_MAIN,2026-09-10 16:15,2026-09-10 17:00,GOODS,MEDIUM
GDS-199,2026-09-10,STN_C-STN_D,DN_MAIN,2026-09-10 04:36,2026-09-10 05:01,GOODS,MEDIUM
GDS-200,2026-09-10,STN_C-STN_D,DN_MAIN,2026-09-10 21:32,2026-09-10 22:17,GOODS,MEDIUM
GDS-201,2026-09-10,STN_C-STN_D,DN_MAIN,2026-09-10 11:51,2026-09-10 12:36,GOODS,HIGH
GDS-202,2026-09-10,STN_C-STN_D,DN_MAIN,2026-09-10 03:03,2026-09-10 03:48,GOODS,MEDIUM
GDS-203,2026-09-10,STN_C-STN_D,DN_MAIN,2026-09-10 12:29,2026-09-10 13:14,GOODS,MEDIUM
GDS-204,2026-09-11,STN_A-STN_B,UP_MAIN,2026-09-11 10:21,2026-09-11 10:41,GOODS,HIGH
GDS-205,2026-09-11,STN_A-STN_B,UP_MAIN,2026-09-11 17:51,2026-09-11 18:16,GOODS,MEDIUM
GDS-206,2026-09-11,STN_A-STN_B,UP_MAIN,2026-09-11 09:47,2026-09-11 10:32,GOODS,HIGH
GDS-207,2026-09-11,STN_A-STN_B,DN_MAIN,2026-09-11 16:17,2026-09-11 16:47,GOODS,HIGH
GDS-208,2026-09-11,STN_A-STN_B,DN_MAIN,2026-09-11 14:41,2026-09-11 15:11,GOODS,HIGH
GDS-209,2026-09-11,STN_A-STN_B,DN_MAIN,2026-09-11 00:14,2026-09-11 00:44,GOODS,HIGH
GDS-210,2026-09-11,STN_A-STN_B,DN_MAIN,2026-09-11 14:03,2026-09-11 14:48,GOODS,MEDIUM
GDS-211,2026-09-11,STN_A-STN_B,DN_MAIN,2026-09-11 08:31,2026-09-11 08:56,GOODS,MEDIUM
GDS-212,2026-09-11,STN_B-STN_C,UP_MAIN,2026-09-11 07:31,2026-09-11 08:01,GOODS,HIGH
GDS-213,2026-09-11,STN_B-STN_C,UP_MAIN,2026-09-11 14:24,2026-09-11 14:49,GOODS,MEDIUM
GDS-214,2026-09-11,STN_B-STN_C,UP_MAIN,2026-09-11 09:43,2026-09-11 10:13,GOODS,MEDIUM
GDS-215,2026-09-11,STN_B-STN_C,UP_MAIN,2026-09-11 06:25,2026-09-11 06:45,GOODS,HIGH
GDS-216,2026-09-11,STN_B-STN_C,UP_MAIN,2026-09-11 04:39,2026-09-11 05:09,GOODS,HIGH
GDS-217,2026-09-11,STN_B-STN_C,DN_MAIN,2026-09-11 21:05,2026-09-11 21:50,GOODS,MEDIUM
GDS-218,2026-09-11,STN_B-STN_C,DN_MAIN,2026-09-11 23:54,2026-09-12 00:39,GOODS,HIGH
GDS-219,2026-09-11,STN_B-STN_C,DN_MAIN,2026-09-11 10:56,2026-09-11 11:16,GOODS,HIGH
GDS-220,2026-09-11,STN_B-STN_C,DN_MAIN,2026-09-11 01:41,2026-09-11 02:01,GOODS,HIGH
GDS-221,2026-09-11,STN_B-STN_C,DN_MAIN,2026-09-11 03:29,2026-09-11 03:59,GOODS,MEDIUM
GDS-222,2026-09-11,STN_C-STN_D,UP_MAIN,2026-09-11 14:57,2026-09-11 15:17,GOODS,HIGH
GDS-223,2026-09-11,STN_C-STN_D,UP_MAIN,2026-09-11 03:04,2026-09-11 03:29,GOODS,HIGH
GDS-224,2026-09-11,STN_C-STN_D,UP_MAIN,2026-09-11 16:50,2026-09-11 17:15,GOODS,MEDIUM
GDS-225,2026-09-11,STN_C-STN_D,DN_MAIN,2026-09-11 10:38,2026-09-11 11:23,GOODS,MEDIUM
GDS-226,2026-09-11,STN_C-STN_D,DN_MAIN,2026-09-11 15:49,2026-09-11 16:09,GOODS,MEDIUM
GDS-227,2026-09-11,STN_C-STN_D,DN_MAIN,2026-09-11 02:44,2026-09-11 03:09,GOODS,HIGH
GDS-228,2026-09-11,STN_C-STN_D,DN_MAIN,2026-09-11 09:05,2026-09-11 09:50,GOODS,HIGH
GDS-229,2026-09-11,STN_C-STN_D,DN_MAIN,2026-09-11 18:32,2026-09-11 19:17,GOODS,HIGH
GDS-230,2026-09-12,STN_A-STN_B,UP_MAIN,2026-09-12 08:32,2026-09-12 09:17,GOODS,HIGH
GDS-231,2026-09-12,STN_A-STN_B,UP_MAIN,2026-09-12 04:09,2026-09-12 04:34,GOODS,MEDIUM
GDS-232,2026-09-12,STN_A-STN_B,UP_MAIN,2026-09-12 15:07,2026-09-12 15:32,GOODS,HIGH
GDS-233,2026-09-12,STN_A-STN_B,DN_MAIN,2026-09-12 15:43,2026-09-12 16:03,GOODS,HIGH
GDS-234,2026-09-12,STN_A-STN_B,DN_MAIN,2026-09-12 16:08,2026-09-12 16:53,GOODS,MEDIUM
GDS-235,2026-09-12,STN_A-STN_B,DN_MAIN,2026-09-12 11:01,2026-09-12 11:26,GOODS,HIGH
GDS-236,2026-09-12,STN_B-STN_C,UP_MAIN,2026-09-12 08:38,2026-09-12 09:23,GOODS,MEDIUM
GDS-237,2026-09-12,STN_B-STN_C,UP_MAIN,2026-09-12 06:46,2026-09-12 07:16,GOODS,HIGH
GDS-238,2026-09-12,STN_B-STN_C,DN_MAIN,2026-09-12 03:51,2026-09-12 04:16,GOODS,MEDIUM
GDS-239,2026-09-12,STN_B-STN_C,DN_MAIN,2026-09-12 11:04,2026-09-12 11:24,GOODS,HIGH
GDS-240,2026-09-12,STN_B-STN_C,DN_MAIN,2026-09-12 09:25,2026-09-12 09:45,GOODS,MEDIUM
GDS-241,2026-09-12,STN_C-STN_D,UP_MAIN,2026-09-12 00:18,2026-09-12 00:38,GOODS,MEDIUM
GDS-242,2026-09-12,STN_C-STN_D,UP_MAIN,2026-09-12 23:29,2026-09-12 23:54,GOODS,MEDIUM
GDS-243,2026-09-12,STN_C-STN_D,UP_MAIN,2026-09-12 03:03,2026-09-12 03:28,GOODS,HIGH
GDS-244,2026-09-12,STN_C-STN_D,DN_MAIN,2026-09-12 03:07,2026-09-12 03:37,GOODS,HIGH
GDS-245,2026-09-12,STN_C-STN_D,DN_MAIN,2026-09-12 02:02,2026-09-12 02:32,GOODS,HIGH
GDS-246,2026-09-12,STN_C-STN_D,DN_MAIN,2026-09-12 23:56,2026-09-13 00:16,GOODS,HIGH
GDS-247,2026-09-12,STN_C-STN_D,DN_MAIN,2026-09-12 16:39,2026-09-12 17:04,GOODS,MEDIUM
GDS-248,2026-09-12,STN_C-STN_D,DN_MAIN,2026-09-12 19:03,2026-09-12 19:33,GOODS,MEDIUM
GDS-249,2026-09-13,STN_A-STN_B,UP_MAIN,2026-09-13 00:43,2026-09-13 01:28,GOODS,MEDIUM
GDS-250,2026-09-13,STN_A-STN_B,UP_MAIN,2026-09-13 04:35,2026-09-13 05:05,GOODS,HIGH
GDS-251,2026-09-13,STN_A-STN_B,UP_MAIN,2026-09-13 16:33,2026-09-13 17:18,GOODS,MEDIUM
GDS-252,2026-09-13,STN_A-STN_B,DN_MAIN,2026-09-13 06:28,2026-09-13 06:53,GOODS,MEDIUM
GDS-253,2026-09-13,STN_A-STN_B,DN_MAIN,2026-09-13 11:02,2026-09-13 11:47,GOODS,MEDIUM
GDS-254,2026-09-13,STN_A-STN_B,DN_MAIN,2026-09-13 20:26,2026-09-13 20:51,GOODS,HIGH
GDS-255,2026-09-13,STN_A-STN_B,DN_MAIN,2026-09-13 18:07,2026-09-13 18:32,GOODS,MEDIUM
GDS-256,2026-09-13,STN_A-STN_B,DN_MAIN,2026-09-13 10:05,2026-09-13 10:35,GOODS,MEDIUM
GDS-257,2026-09-13,STN_B-STN_C,UP_MAIN,2026-09-13 00:01,2026-09-13 00:46,GOODS,HIGH
GDS-258,2026-09-13,STN_B-STN_C,UP_MAIN,2026-09-13 00:38,2026-09-13 01:08,GOODS,HIGH
GDS-259,2026-09-13,STN_B-STN_C,UP_MAIN,2026-09-13 10:56,2026-09-13 11:16,GOODS,MEDIUM
GDS-260,2026-09-13,STN_B-STN_C,UP_MAIN,2026-09-13 06:28,2026-09-13 07:13,GOODS,HIGH
GDS-261,2026-09-13,STN_B-STN_C,UP_MAIN,2026-09-13 20:55,2026-09-13 21:25,GOODS,MEDIUM
GDS-262,2026-09-13,STN_B-STN_C,DN_MAIN,2026-09-13 21:52,2026-09-13 22:22,GOODS,HIGH
GDS-263,2026-09-13,STN_B-STN_C,DN_MAIN,2026-09-13 03:17,2026-09-13 03:37,GOODS,HIGH
GDS-264,2026-09-13,STN_B-STN_C,DN_MAIN,2026-09-13 04:25,2026-09-13 04:50,GOODS,HIGH
GDS-265,2026-09-13,STN_B-STN_C,DN_MAIN,2026-09-13 06:53,2026-09-13 07:13,GOODS,MEDIUM
GDS-266,2026-09-13,STN_B-STN_C,DN_MAIN,2026-09-13 06:32,2026-09-13 06:52,GOODS,HIGH
GDS-267,2026-09-13,STN_C-STN_D,UP_MAIN,2026-09-13 22:27,2026-09-13 23:12,GOODS,MEDIUM
GDS-268,2026-09-13,STN_C-STN_D,UP_MAIN,2026-09-13 01:40,2026-09-13 02:10,GOODS,HIGH
GDS-269,2026-09-13,STN_C-STN_D,UP_MAIN,2026-09-13 20:40,2026-09-13 21:00,GOODS,HIGH
GDS-270,2026-09-13,STN_C-STN_D,UP_MAIN,2026-09-13 07:07,2026-09-13 07:52,GOODS,HIGH
GDS-271,2026-09-13,STN_C-STN_D,UP_MAIN,2026-09-13 15:58,2026-09-13 16:18,GOODS,MEDIUM
GDS-272,2026-09-13,STN_C-STN_D,DN_MAIN,2026-09-13 12:35,2026-09-13 12:55,GOODS,MEDIUM
GDS-273,2026-09-13,STN_C-STN_D,DN_MAIN,2026-09-13 18:03,2026-09-13 18:23,GOODS,HIGH
GDS-274,2026-09-13,STN_C-STN_D,DN_MAIN,2026-09-13 10:22,2026-09-13 10:42,GOODS,HIGH
GDS-275,2026-09-13,STN_C-STN_D,DN_MAIN,2026-09-13 17:43,2026-09-13 18:03,GOODS,HIGH
GDS-276,2026-09-13,STN_C-STN_D,DN_MAIN,2026-09-13 07:53,2026-09-13 08:38,GOODS,HIGH
GDS-277,2026-09-14,STN_A-STN_B,UP_MAIN,2026-09-14 17:57,2026-09-14 18:22,GOODS,HIGH
GDS-278,2026-09-14,STN_A-STN_B,UP_MAIN,2026-09-14 19:03,2026-09-14 19:48,GOODS,HIGH
GDS-279,2026-09-14,STN_A-STN_B,UP_MAIN,2026-09-14 21:47,2026-09-14 22:17,GOODS,MEDIUM
GDS-280,2026-09-14,STN_A-STN_B,DN_MAIN,2026-09-14 03:33,2026-09-14 03:58,GOODS,HIGH
GDS-281,2026-09-14,STN_A-STN_B,DN_MAIN,2026-09-14 18:46,2026-09-14 19:31,GOODS,MEDIUM
GDS-282,2026-09-14,STN_A-STN_B,DN_MAIN,2026-09-14 22:26,2026-09-14 22:51,GOODS,MEDIUM
GDS-283,2026-09-14,STN_A-STN_B,DN_MAIN,2026-09-14 12:01,2026-09-14 12:31,GOODS,MEDIUM
GDS-284,2026-09-14,STN_A-STN_B,DN_MAIN,2026-09-14 12:41,2026-09-14 13:26,GOODS,MEDIUM
GDS-285,2026-09-14,STN_B-STN_C,UP_MAIN,2026-09-14 20:46,2026-09-14 21:11,GOODS,HIGH
GDS-286,2026-09-14,STN_B-STN_C,UP_MAIN,2026-09-14 12:48,2026-09-14 13:18,GOODS,MEDIUM
GDS-287,2026-09-14,STN_B-STN_C,UP_MAIN,2026-09-14 15:26,2026-09-14 16:11,GOODS,MEDIUM
GDS-288,2026-09-14,STN_B-STN_C,UP_MAIN,2026-09-14 00:00,2026-09-14 00:20,GOODS,MEDIUM
GDS-289,2026-09-14,STN_B-STN_C,DN_MAIN,2026-09-14 17:40,2026-09-14 18:05,GOODS,MEDIUM
GDS-290,2026-09-14,STN_B-STN_C,DN_MAIN,2026-09-14 00:13,2026-09-14 00:43,GOODS,HIGH
GDS-291,2026-09-14,STN_C-STN_D,UP_MAIN,2026-09-14 10:44,2026-09-14 11:04,GOODS,MEDIUM
GDS-292,2026-09-14,STN_C-STN_D,UP_MAIN,2026-09-14 18:53,2026-09-14 19:18,GOODS,HIGH
GDS-293,2026-09-14,STN_C-STN_D,UP_MAIN,2026-09-14 01:17,2026-09-14 02:02,GOODS,MEDIUM
GDS-294,2026-09-14,STN_C-STN_D,DN_MAIN,2026-09-14 04:43,2026-09-14 05:13,GOODS,MEDIUM
GDS-295,2026-09-14,STN_C-STN_D,DN_MAIN,2026-09-14 19:52,2026-09-14 20:17,GOODS,HIGH
GDS-296,2026-09-14,STN_C-STN_D,DN_MAIN,2026-09-14 08:44,2026-09-14 09:14,GOODS,HIGH
GDS-297,2026-09-15,STN_A-STN_B,UP_MAIN,2026-09-15 19:25,2026-09-15 19:50,GOODS,HIGH
GDS-298,2026-09-15,STN_A-STN_B,UP_MAIN,2026-09-15 11:04,2026-09-15 11:49,GOODS,HIGH
GDS-299,2026-09-15,STN_A-STN_B,UP_MAIN,2026-09-15 16:39,2026-09-15 16:59,GOODS,MEDIUM
GDS-300,2026-09-15,STN_A-STN_B,UP_MAIN,2026-09-15 01:16,2026-09-15 02:01,GOODS,HIGH
GDS-301,2026-09-15,STN_A-STN_B,UP_MAIN,2026-09-15 01:54,2026-09-15 02:24,GOODS,MEDIUM
GDS-302,2026-09-15,STN_A-STN_B,DN_MAIN,2026-09-15 14:13,2026-09-15 14:33,GOODS,HIGH
GDS-303,2026-09-15,STN_A-STN_B,DN_MAIN,2026-09-15 22:16,2026-09-15 22:36,GOODS,MEDIUM
GDS-304,2026-09-15,STN_A-STN_B,DN_MAIN,2026-09-15 01:50,2026-09-15 02:20,GOODS,HIGH
GDS-305,2026-09-15,STN_A-STN_B,DN_MAIN,2026-09-15 10:53,2026-09-15 11:18,GOODS,MEDIUM
GDS-306,2026-09-15,STN_A-STN_B,DN_MAIN,2026-09-15 17:08,2026-09-15 17:33,GOODS,HIGH
GDS-307,2026-09-15,STN_B-STN_C,UP_MAIN,2026-09-15 22:59,2026-09-15 23:44,GOODS,MEDIUM
GDS-308,2026-09-15,STN_B-STN_C,UP_MAIN,2026-09-15 20:18,2026-09-15 20:38,GOODS,HIGH
GDS-309,2026-09-15,STN_B-STN_C,DN_MAIN,2026-09-15 09:53,2026-09-15 10:38,GOODS,HIGH
GDS-310,2026-09-15,STN_B-STN_C,DN_MAIN,2026-09-15 04:30,2026-09-15 05:00,GOODS,HIGH
GDS-311,2026-09-15,STN_B-STN_C,DN_MAIN,2026-09-15 16:14,2026-09-15 16:34,GOODS,MEDIUM
GDS-312,2026-09-15,STN_B-STN_C,DN_MAIN,2026-09-15 08:57,2026-09-15 09:17,GOODS,MEDIUM
GDS-313,2026-09-15,STN_B-STN_C,DN_MAIN,2026-09-15 17:07,2026-09-15 17:52,GOODS,HIGH
GDS-314,2026-09-15,STN_C-STN_D,UP_MAIN,2026-09-15 16:24,2026-09-15 16:49,GOODS,MEDIUM
GDS-315,2026-09-15,STN_C-STN_D,UP_MAIN,2026-09-15 13:29,2026-09-15 13:54,GOODS,HIGH
GDS-316,2026-09-15,STN_C-STN_D,UP_MAIN,2026-09-15 08:16,2026-09-15 08:36,GOODS,MEDIUM
GDS-317,2026-09-15,STN_C-STN_D,DN_MAIN,2026-09-15 11:02,2026-09-15 11:22,GOODS,HIGH
GDS-318,2026-09-15,STN_C-STN_D,DN_MAIN,2026-09-15 22:55,2026-09-15 23:40,GOODS,MEDIUM
GDS-319,2026-09-15,STN_C-STN_D,DN_MAIN,2026-09-15 12:28,2026-09-15 12:58,GOODS,HIGH
GDS-320,2026-09-15,STN_C-STN_D,DN_MAIN,2026-09-15 10:56,2026-09-15 11:26,GOODS,HIGH
GDS-321,2026-09-15,STN_C-STN_D,DN_MAIN,2026-09-15 10:24,2026-09-15 10:49,GOODS,MEDIUM
GDS-322,2026-09-16,STN_A-STN_B,UP_MAIN,2026-09-16 21:16,2026-09-16 21:41,GOODS,MEDIUM
GDS-323,2026-09-16,STN_A-STN_B,UP_MAIN,2026-09-16 01:31,2026-09-16 01:56,GOODS,HIGH
GDS-324,2026-09-16,STN_A-STN_B,UP_MAIN,2026-09-16 23:23,2026-09-16 23:53,GOODS,HIGH
GDS-325,2026-09-16,STN_A-STN_B,UP_MAIN,2026-09-16 02:55,2026-09-16 03:15,GOODS,HIGH
GDS-326,2026-09-16,STN_A-STN_B,UP_MAIN,2026-09-16 08:17,2026-09-16 08:42,GOODS,MEDIUM
GDS-327,2026-09-16,STN_A-STN_B,DN_MAIN,2026-09-16 11:43,2026-09-16 12:03,GOODS,MEDIUM
GDS-328,2026-09-16,STN_A-STN_B,DN_MAIN,2026-09-16 15:21,2026-09-16 16:06,GOODS,HIGH
GDS-329,2026-09-16,STN_B-STN_C,UP_MAIN,2026-09-16 07:08,2026-09-16 07:33,GOODS,HIGH
GDS-330,2026-09-16,STN_B-STN_C,UP_MAIN,2026-09-16 18:39,2026-09-16 19:09,GOODS,MEDIUM
GDS-331,2026-09-16,STN_B-STN_C,UP_MAIN,2026-09-16 21:15,2026-09-16 21:40,GOODS,HIGH
GDS-332,2026-09-16,STN_B-STN_C,UP_MAIN,2026-09-16 12:51,2026-09-16 13:11,GOODS,MEDIUM
GDS-333,2026-09-16,STN_B-STN_C,DN_MAIN,2026-09-16 02:03,2026-09-16 02:33,GOODS,HIGH
GDS-334,2026-09-16,STN_B-STN_C,DN_MAIN,2026-09-16 23:46,2026-09-17 00:16,GOODS,HIGH
GDS-335,2026-09-16,STN_B-STN_C,DN_MAIN,2026-09-16 15:52,2026-09-16 16:12,GOODS,HIGH
GDS-336,2026-09-16,STN_C-STN_D,UP_MAIN,2026-09-16 22:32,2026-09-16 23:02,GOODS,MEDIUM
GDS-337,2026-09-16,STN_C-STN_D,UP_MAIN,2026-09-16 03:40,2026-09-16 04:00,GOODS,MEDIUM
GDS-338,2026-09-16,STN_C-STN_D,UP_MAIN,2026-09-16 22:09,2026-09-16 22:54,GOODS,HIGH
GDS-339,2026-09-16,STN_C-STN_D,UP_MAIN,2026-09-16 12:59,2026-09-16 13:19,GOODS,MEDIUM
GDS-340,2026-09-16,STN_C-STN_D,UP_MAIN,2026-09-16 16:32,2026-09-16 16:52,GOODS,HIGH
GDS-341,2026-09-16,STN_C-STN_D,DN_MAIN,2026-09-16 17:05,2026-09-16 17:50,GOODS,HIGH
GDS-342,2026-09-16,STN_C-STN_D,DN_MAIN,2026-09-16 01:21,2026-09-16 01:46,GOODS,MEDIUM
GDS-343,2026-09-16,STN_C-STN_D,DN_MAIN,2026-09-16 11:23,2026-09-16 12:08,GOODS,MEDIUM
GDS-344,2026-09-17,STN_A-STN_B,UP_MAIN,2026-09-17 00:37,2026-09-17 01:07,GOODS,MEDIUM
GDS-345,2026-09-17,STN_A-STN_B,UP_MAIN,2026-09-17 12:07,2026-09-17 12:37,GOODS,HIGH
GDS-346,2026-09-17,STN_A-STN_B,UP_MAIN,2026-09-17 17:06,2026-09-17 17:36,GOODS,HIGH
GDS-347,2026-09-17,STN_A-STN_B,DN_MAIN,2026-09-17 13:12,2026-09-17 13:32,GOODS,MEDIUM
GDS-348,2026-09-17,STN_A-STN_B,DN_MAIN,2026-09-17 07:41,2026-09-17 08:06,GOODS,MEDIUM
GDS-349,2026-09-17,STN_A-STN_B,DN_MAIN,2026-09-17 13:24,2026-09-17 13:49,GOODS,HIGH
GDS-350,2026-09-17,STN_A-STN_B,DN_MAIN,2026-09-17 13:02,2026-09-17 13:27,GOODS,MEDIUM
GDS-351,2026-09-17,STN_B-STN_C,UP_MAIN,2026-09-17 19:33,2026-09-17 19:58,GOODS,MEDIUM
GDS-352,2026-09-17,STN_B-STN_C,UP_MAIN,2026-09-17 10:39,2026-09-17 11:09,GOODS,MEDIUM
GDS-353,2026-09-17,STN_B-STN_C,UP_MAIN,2026-09-17 18:30,2026-09-17 18:55,GOODS,HIGH
GDS-354,2026-09-17,STN_B-STN_C,DN_MAIN,2026-09-17 19:49,2026-09-17 20:14,GOODS,HIGH
GDS-355,2026-09-17,STN_B-STN_C,DN_MAIN,2026-09-17 10:32,2026-09-17 10:57,GOODS,MEDIUM
GDS-356,2026-09-17,STN_B-STN_C,DN_MAIN,2026-09-17 04:57,2026-09-17 05:22,GOODS,MEDIUM
GDS-357,2026-09-17,STN_C-STN_D,UP_MAIN,2026-09-17 19:01,2026-09-17 19:21,GOODS,HIGH
GDS-358,2026-09-17,STN_C-STN_D,UP_MAIN,2026-09-17 10:50,2026-09-17 11:15,GOODS,HIGH
GDS-359,2026-09-17,STN_C-STN_D,DN_MAIN,2026-09-17 14:07,2026-09-17 14:52,GOODS,MEDIUM
GDS-360,2026-09-17,STN_C-STN_D,DN_MAIN,2026-09-17 15:07,2026-09-17 15:37,GOODS,HIGH
GDS-361,2026-09-17,STN_C-STN_D,DN_MAIN,2026-09-17 06:24,2026-09-17 06:44,GOODS,HIGH
GDS-362,2026-09-17,STN_C-STN_D,DN_MAIN,2026-09-17 06:18,2026-09-17 06:38,GOODS,MEDIUM
GDS-363,2026-09-18,STN_A-STN_B,UP_MAIN,2026-09-18 20:21,2026-09-18 20:46,GOODS,HIGH
GDS-364,2026-09-18,STN_A-STN_B,UP_MAIN,2026-09-18 23:27,2026-09-18 23:47,GOODS,MEDIUM
GDS-365,2026-09-18,STN_A-STN_B,UP_MAIN,2026-09-18 02:42,2026-09-18 03:27,GOODS,HIGH
GDS-366,2026-09-18,STN_A-STN_B,DN_MAIN,2026-09-18 22:10,2026-09-18 22:40,GOODS,HIGH
GDS-367,2026-09-18,STN_A-STN_B,DN_MAIN,2026-09-18 13:13,2026-09-18 13:58,GOODS,MEDIUM
GDS-368,2026-09-18,STN_A-STN_B,DN_MAIN,2026-09-18 04:41,2026-09-18 05:06,GOODS,HIGH
GDS-369,2026-09-18,STN_A-STN_B,DN_MAIN,2026-09-18 07:43,2026-09-18 08:03,GOODS,MEDIUM
GDS-370,2026-09-18,STN_A-STN_B,DN_MAIN,2026-09-18 00:30,2026-09-18 01:00,GOODS,MEDIUM
GDS-371,2026-09-18,STN_B-STN_C,UP_MAIN,2026-09-18 22:54,2026-09-18 23:19,GOODS,HIGH
GDS-372,2026-09-18,STN_B-STN_C,UP_MAIN,2026-09-18 02:15,2026-09-18 02:40,GOODS,MEDIUM
GDS-373,2026-09-18,STN_B-STN_C,UP_MAIN,2026-09-18 21:03,2026-09-18 21:48,GOODS,MEDIUM
GDS-374,2026-09-18,STN_B-STN_C,DN_MAIN,2026-09-18 08:25,2026-09-18 09:10,GOODS,MEDIUM
GDS-375,2026-09-18,STN_B-STN_C,DN_MAIN,2026-09-18 01:25,2026-09-18 02:10,GOODS,MEDIUM
GDS-376,2026-09-18,STN_B-STN_C,DN_MAIN,2026-09-18 13:27,2026-09-18 13:47,GOODS,HIGH
GDS-377,2026-09-18,STN_B-STN_C,DN_MAIN,2026-09-18 15:24,2026-09-18 16:09,GOODS,HIGH
GDS-378,2026-09-18,STN_B-STN_C,DN_MAIN,2026-09-18 08:23,2026-09-18 09:08,GOODS,HIGH
GDS-379,2026-09-18,STN_C-STN_D,UP_MAIN,2026-09-18 17:37,2026-09-18 17:57,GOODS,HIGH
GDS-380,2026-09-18,STN_C-STN_D,UP_MAIN,2026-09-18 09:56,2026-09-18 10:41,GOODS,MEDIUM
GDS-381,2026-09-18,STN_C-STN_D,UP_MAIN,2026-09-18 10:23,2026-09-18 10:53,GOODS,MEDIUM
GDS-382,2026-09-18,STN_C-STN_D,UP_MAIN,2026-09-18 05:40,2026-09-18 06:25,GOODS,MEDIUM
GDS-383,2026-09-18,STN_C-STN_D,UP_MAIN,2026-09-18 20:55,2026-09-18 21:15,GOODS,HIGH
GDS-384,2026-09-18,STN_C-STN_D,DN_MAIN,2026-09-18 22:03,2026-09-18 22:48,GOODS,HIGH
GDS-385,2026-09-18,STN_C-STN_D,DN_MAIN,2026-09-18 17:05,2026-09-18 17:25,GOODS,HIGH
GDS-386,2026-09-18,STN_C-STN_D,DN_MAIN,2026-09-18 19:58,2026-09-18 20:23,GOODS,MEDIUM
GDS-387,2026-09-18,STN_C-STN_D,DN_MAIN,2026-09-18 14:06,2026-09-18 14:36,GOODS,MEDIUM
GDS-388,2026-09-18,STN_C-STN_D,DN_MAIN,2026-09-18 00:51,2026-09-18 01:16,GOODS,MEDIUM
GDS-389,2026-09-19,STN_A-STN_B,UP_MAIN,2026-09-19 15:31,2026-09-19 15:51,GOODS,MEDIUM
GDS-390,2026-09-19,STN_A-STN_B,UP_MAIN,2026-09-19 11:03,2026-09-19 11:28,GOODS,HIGH
GDS-391,2026-09-19,STN_A-STN_B,UP_MAIN,2026-09-19 03:06,2026-09-19 03:26,GOODS,MEDIUM
GDS-392,2026-09-19,STN_A-STN_B,DN_MAIN,2026-09-19 02:54,2026-09-19 03:39,GOODS,HIGH
GDS-393,2026-09-19,STN_A-STN_B,DN_MAIN,2026-09-19 12:55,2026-09-19 13:40,GOODS,HIGH
GDS-394,2026-09-19,STN_A-STN_B,DN_MAIN,2026-09-19 05:49,2026-09-19 06:19,GOODS,HIGH
GDS-395,2026-09-19,STN_A-STN_B,DN_MAIN,2026-09-19 05:32,2026-09-19 05:57,GOODS,HIGH
GDS-396,2026-09-19,STN_B-STN_C,UP_MAIN,2026-09-19 14:19,2026-09-19 14:49,GOODS,MEDIUM
GDS-397,2026-09-19,STN_B-STN_C,UP_MAIN,2026-09-19 15:13,2026-09-19 15:43,GOODS,HIGH
GDS-398,2026-09-19,STN_B-STN_C,DN_MAIN,2026-09-19 04:29,2026-09-19 04:54,GOODS,HIGH
GDS-399,2026-09-19,STN_B-STN_C,DN_MAIN,2026-09-19 21:15,2026-09-19 21:45,GOODS,HIGH
GDS-400,2026-09-19,STN_C-STN_D,UP_MAIN,2026-09-19 16:59,2026-09-19 17:44,GOODS,HIGH
GDS-401,2026-09-19,STN_C-STN_D,UP_MAIN,2026-09-19 20:45,2026-09-19 21:30,GOODS,HIGH
GDS-402,2026-09-19,STN_C-STN_D,UP_MAIN,2026-09-19 07:24,2026-09-19 08:09,GOODS,MEDIUM
GDS-403,2026-09-19,STN_C-STN_D,UP_MAIN,2026-09-19 13:59,2026-09-19 14:44,GOODS,HIGH
GDS-404,2026-09-19,STN_C-STN_D,UP_MAIN,2026-09-19 20:31,2026-09-19 20:51,GOODS,HIGH
GDS-405,2026-09-19,STN_C-STN_D,DN_MAIN,2026-09-19 21:09,2026-09-19 21:34,GOODS,HIGH
GDS-406,2026-09-19,STN_C-STN_D,DN_MAIN,2026-09-19 06:18,2026-09-19 06:43,GOODS,HIGH
GDS-407,2026-09-19,STN_C-STN_D,DN_MAIN,2026-09-19 22:17,2026-09-19 22:47,GOODS,HIGH
GDS-408,2026-09-19,STN_C-STN_D,DN_MAIN,2026-09-19 04:57,2026-09-19 05:17,GOODS,MEDIUM
GDS-409,2026-09-20,STN_A-STN_B,UP_MAIN,2026-09-20 02:59,2026-09-20 03:19,GOODS,HIGH
GDS-410,2026-09-20,STN_A-STN_B,UP_MAIN,2026-09-20 14:13,2026-09-20 14:38,GOODS,HIGH
GDS-411,2026-09-20,STN_A-STN_B,UP_MAIN,2026-09-20 22:56,2026-09-20 23:26,GOODS,HIGH
GDS-412,2026-09-20,STN_A-STN_B,UP_MAIN,2026-09-20 15:32,2026-09-20 16:02,GOODS,HIGH
GDS-413,2026-09-20,STN_A-STN_B,DN_MAIN,2026-09-20 10:12,2026-09-20 10:42,GOODS,MEDIUM
GDS-414,2026-09-20,STN_A-STN_B,DN_MAIN,2026-09-20 12:56,2026-09-20 13:16,GOODS,MEDIUM
GDS-415,2026-09-20,STN_B-STN_C,UP_MAIN,2026-09-20 09:59,2026-09-20 10:44,GOODS,HIGH
GDS-416,2026-09-20,STN_B-STN_C,UP_MAIN,2026-09-20 04:09,2026-09-20 04:39,GOODS,MEDIUM
GDS-417,2026-09-20,STN_B-STN_C,DN_MAIN,2026-09-20 17:54,2026-09-20 18:19,GOODS,HIGH
GDS-418,2026-09-20,STN_B-STN_C,DN_MAIN,2026-09-20 20:53,2026-09-20 21:13,GOODS,HIGH
GDS-419,2026-09-20,STN_B-STN_C,DN_MAIN,2026-09-20 19:30,2026-09-20 19:50,GOODS,MEDIUM
GDS-420,2026-09-20,STN_B-STN_C,DN_MAIN,2026-09-20 23:30,2026-09-21 00:00,GOODS,MEDIUM
GDS-421,2026-09-20,STN_B-STN_C,DN_MAIN,2026-09-20 20:46,2026-09-20 21:16,GOODS,MEDIUM
GDS-422,2026-09-20,STN_C-STN_D,UP_MAIN,2026-09-20 04:25,2026-09-20 05:10,GOODS,MEDIUM
GDS-423,2026-09-20,STN_C-STN_D,UP_MAIN,2026-09-20 16:48,2026-09-20 17:13,GOODS,HIGH
GDS-424,2026-09-20,STN_C-STN_D,UP_MAIN,2026-09-20 09:54,2026-09-20 10:19,GOODS,HIGH
GDS-425,2026-09-20,STN_C-STN_D,UP_MAIN,2026-09-20 04:02,2026-09-20 04:22,GOODS,MEDIUM
GDS-426,2026-09-20,STN_C-STN_D,DN_MAIN,2026-09-20 07:04,2026-09-20 07:49,GOODS,MEDIUM
GDS-427,2026-09-20,STN_C-STN_D,DN_MAIN,2026-09-20 01:33,2026-09-20 02:03,GOODS,MEDIUM
GDS-428,2026-09-21,STN_A-STN_B,UP_MAIN,2026-09-21 00:23,2026-09-21 00:48,GOODS,MEDIUM
GDS-429,2026-09-21,STN_A-STN_B,UP_MAIN,2026-09-21 08:41,2026-09-21 09:01,GOODS,MEDIUM
GDS-430,2026-09-21,STN_A-STN_B,UP_MAIN,2026-09-21 10:14,2026-09-21 10:44,GOODS,HIGH
GDS-431,2026-09-21,STN_A-STN_B,DN_MAIN,2026-09-21 23:24,2026-09-21 23:54,GOODS,MEDIUM
GDS-432,2026-09-21,STN_A-STN_B,DN_MAIN,2026-09-21 13:31,2026-09-21 13:51,GOODS,HIGH
GDS-433,2026-09-21,STN_B-STN_C,UP_MAIN,2026-09-21 11:16,2026-09-21 11:46,GOODS,MEDIUM
GDS-434,2026-09-21,STN_B-STN_C,UP_MAIN,2026-09-21 16:11,2026-09-21 16:31,GOODS,HIGH
GDS-435,2026-09-21,STN_B-STN_C,UP_MAIN,2026-09-21 16:26,2026-09-21 16:51,GOODS,MEDIUM
GDS-436,2026-09-21,STN_B-STN_C,DN_MAIN,2026-09-21 15:47,2026-09-21 16:32,GOODS,HIGH
GDS-437,2026-09-21,STN_B-STN_C,DN_MAIN,2026-09-21 17:47,2026-09-21 18:17,GOODS,MEDIUM
GDS-438,2026-09-21,STN_B-STN_C,DN_MAIN,2026-09-21 18:57,2026-09-21 19:17,GOODS,HIGH
GDS-439,2026-09-21,STN_B-STN_C,DN_MAIN,2026-09-21 19:42,2026-09-21 20:12,GOODS,MEDIUM
GDS-440,2026-09-21,STN_C-STN_D,UP_MAIN,2026-09-21 05:05,2026-09-21 05:35,GOODS,HIGH
GDS-441,2026-09-21,STN_C-STN_D,UP_MAIN,2026-09-21 11:34,2026-09-21 12:19,GOODS,HIGH
GDS-442,2026-09-21,STN_C-STN_D,DN_MAIN,2026-09-21 06:23,2026-09-21 06:43,GOODS,MEDIUM
GDS-443,2026-09-21,STN_C-STN_D,DN_MAIN,2026-09-21 10:44,2026-09-21 11:04,GOODS,MEDIUM
GDS-444,2026-09-21,STN_C-STN_D,DN_MAIN,2026-09-21 14:07,2026-09-21 14:27,GOODS,MEDIUM
GDS-445,2026-09-21,STN_C-STN_D,DN_MAIN,2026-09-21 08:06,2026-09-21 08:36,GOODS,MEDIUM
GDS-446,2026-09-21,STN_C-STN_D,DN_MAIN,2026-09-21 10:19,2026-09-21 10:44,GOODS,MEDIUM
GDS-447,2026-09-22,STN_A-STN_B,UP_MAIN,2026-09-22 03:49,2026-09-22 04:19,GOODS,HIGH
GDS-448,2026-09-22,STN_A-STN_B,UP_MAIN,2026-09-22 06:53,2026-09-22 07:13,GOODS,MEDIUM
GDS-449,2026-09-22,STN_A-STN_B,UP_MAIN,2026-09-22 17:16,2026-09-22 17:36,GOODS,MEDIUM
GDS-450,2026-09-22,STN_A-STN_B,DN_MAIN,2026-09-22 06:29,2026-09-22 06:59,GOODS,MEDIUM
GDS-451,2026-09-22,STN_A-STN_B,DN_MAIN,2026-09-22 17:52,2026-09-22 18:22,GOODS,MEDIUM
GDS-452,2026-09-22,STN_A-STN_B,DN_MAIN,2026-09-22 04:53,2026-09-22 05:13,GOODS,HIGH
GDS-453,2026-09-22,STN_B-STN_C,UP_MAIN,2026-09-22 01:14,2026-09-22 01:59,GOODS,MEDIUM
GDS-454,2026-09-22,STN_B-STN_C,UP_MAIN,2026-09-22 17:49,2026-09-22 18:09,GOODS,HIGH
GDS-455,2026-09-22,STN_B-STN_C,UP_MAIN,2026-09-22 10:36,2026-09-22 10:56,GOODS,HIGH
GDS-456,2026-09-22,STN_B-STN_C,DN_MAIN,2026-09-22 15:56,2026-09-22 16:16,GOODS,HIGH
GDS-457,2026-09-22,STN_B-STN_C,DN_MAIN,2026-09-22 17:46,2026-09-22 18:16,GOODS,HIGH
GDS-458,2026-09-22,STN_B-STN_C,DN_MAIN,2026-09-22 19:42,2026-09-22 20:12,GOODS,HIGH
GDS-459,2026-09-22,STN_B-STN_C,DN_MAIN,2026-09-22 10:57,2026-09-22 11:22,GOODS,HIGH
GDS-460,2026-09-22,STN_C-STN_D,UP_MAIN,2026-09-22 09:26,2026-09-22 09:56,GOODS,MEDIUM
GDS-461,2026-09-22,STN_C-STN_D,UP_MAIN,2026-09-22 22:54,2026-09-22 23:14,GOODS,MEDIUM
GDS-462,2026-09-22,STN_C-STN_D,UP_MAIN,2026-09-22 05:05,2026-09-22 05:30,GOODS,MEDIUM
GDS-463,2026-09-22,STN_C-STN_D,UP_MAIN,2026-09-22 03:54,2026-09-22 04:14,GOODS,HIGH
GDS-464,2026-09-22,STN_C-STN_D,DN_MAIN,2026-09-22 18:31,2026-09-22 19:01,GOODS,MEDIUM
GDS-465,2026-09-22,STN_C-STN_D,DN_MAIN,2026-09-22 09:15,2026-09-22 09:40,GOODS,MEDIUM
GDS-466,2026-09-22,STN_C-STN_D,DN_MAIN,2026-09-22 19:35,2026-09-22 20:00,GOODS,HIGH
GDS-467,2026-09-23,STN_A-STN_B,UP_MAIN,2026-09-23 10:37,2026-09-23 11:07,GOODS,MEDIUM
GDS-468,2026-09-23,STN_A-STN_B,UP_MAIN,2026-09-23 01:43,2026-09-23 02:08,GOODS,HIGH
GDS-469,2026-09-23,STN_A-STN_B,DN_MAIN,2026-09-23 23:03,2026-09-23 23:23,GOODS,HIGH
GDS-470,2026-09-23,STN_A-STN_B,DN_MAIN,2026-09-23 13:05,2026-09-23 13:25,GOODS,HIGH
GDS-471,2026-09-23,STN_A-STN_B,DN_MAIN,2026-09-23 14:33,2026-09-23 15:18,GOODS,HIGH
GDS-472,2026-09-23,STN_A-STN_B,DN_MAIN,2026-09-23 20:20,2026-09-23 21:05,GOODS,MEDIUM
GDS-473,2026-09-23,STN_A-STN_B,DN_MAIN,2026-09-23 10:39,2026-09-23 11:09,GOODS,HIGH
GDS-474,2026-09-23,STN_B-STN_C,UP_MAIN,2026-09-23 15:53,2026-09-23 16:18,GOODS,HIGH
GDS-475,2026-09-23,STN_B-STN_C,UP_MAIN,2026-09-23 23:50,2026-09-24 00:35,GOODS,HIGH
GDS-476,2026-09-23,STN_B-STN_C,DN_MAIN,2026-09-23 10:35,2026-09-23 11:20,GOODS,MEDIUM
GDS-477,2026-09-23,STN_B-STN_C,DN_MAIN,2026-09-23 07:54,2026-09-23 08:19,GOODS,HIGH
GDS-478,2026-09-23,STN_B-STN_C,DN_MAIN,2026-09-23 21:03,2026-09-23 21:33,GOODS,MEDIUM
GDS-479,2026-09-23,STN_B-STN_C,DN_MAIN,2026-09-23 13:22,2026-09-23 13:47,GOODS,MEDIUM
GDS-480,2026-09-23,STN_B-STN_C,DN_MAIN,2026-09-23 11:05,2026-09-23 11:50,GOODS,MEDIUM
GDS-481,2026-09-23,STN_C-STN_D,UP_MAIN,2026-09-23 02:13,2026-09-23 02:58,GOODS,HIGH
GDS-482,2026-09-23,STN_C-STN_D,UP_MAIN,2026-09-23 11:59,2026-09-23 12:44,GOODS,MEDIUM
GDS-483,2026-09-23,STN_C-STN_D,DN_MAIN,2026-09-23 09:38,2026-09-23 10:08,GOODS,HIGH
GDS-484,2026-09-23,STN_C-STN_D,DN_MAIN,2026-09-23 17:20,2026-09-23 17:40,GOODS,MEDIUM
GDS-485,2026-09-23,STN_C-STN_D,DN_MAIN,2026-09-23 03:39,2026-09-23 04:09,GOODS,HIGH
GDS-486,2026-09-24,STN_A-STN_B,UP_MAIN,2026-09-24 18:11,2026-09-24 18:56,GOODS,MEDIUM
GDS-487,2026-09-24,STN_A-STN_B,UP_MAIN,2026-09-24 20:09,2026-09-24 20:54,GOODS,HIGH
GDS-488,2026-09-24,STN_A-STN_B,UP_MAIN,2026-09-24 21:11,2026-09-24 21:36,GOODS,HIGH
GDS-489,2026-09-24,STN_A-STN_B,UP_MAIN,2026-09-24 16:27,2026-09-24 17:12,GOODS,HIGH
GDS-490,2026-09-24,STN_A-STN_B,DN_MAIN,2026-09-24 07:06,2026-09-24 07:51,GOODS,MEDIUM
GDS-491,2026-09-24,STN_A-STN_B,DN_MAIN,2026-09-24 19:21,2026-09-24 19:51,GOODS,HIGH
GDS-492,2026-09-24,STN_A-STN_B,DN_MAIN,2026-09-24 05:54,2026-09-24 06:14,GOODS,MEDIUM
GDS-493,2026-09-24,STN_A-STN_B,DN_MAIN,2026-09-24 03:54,2026-09-24 04:39,GOODS,MEDIUM
GDS-494,2026-09-24,STN_B-STN_C,UP_MAIN,2026-09-24 15:11,2026-09-24 15:36,GOODS,MEDIUM
GDS-495,2026-09-24,STN_B-STN_C,UP_MAIN,2026-09-24 13:51,2026-09-24 14:11,GOODS,HIGH
GDS-496,2026-09-24,STN_B-STN_C,DN_MAIN,2026-09-24 11:10,2026-09-24 11:55,GOODS,HIGH
GDS-497,2026-09-24,STN_B-STN_C,DN_MAIN,2026-09-24 03:05,2026-09-24 03:30,GOODS,HIGH
GDS-498,2026-09-24,STN_B-STN_C,DN_MAIN,2026-09-24 19:49,2026-09-24 20:09,GOODS,HIGH
GDS-499,2026-09-24,STN_B-STN_C,DN_MAIN,2026-09-24 22:33,2026-09-24 22:58,GOODS,MEDIUM
GDS-500,2026-09-24,STN_B-STN_C,DN_MAIN,2026-09-24 18:08,2026-09-24 18:38,GOODS,MEDIUM
GDS-501,2026-09-24,STN_C-STN_D,UP_MAIN,2026-09-24 06:40,2026-09-24 07:05,GOODS,MEDIUM
GDS-502,2026-09-24,STN_C-STN_D,UP_MAIN,2026-09-24 10:13,2026-09-24 10:43,GOODS,MEDIUM
GDS-503,2026-09-24,STN_C-STN_D,UP_MAIN,2026-09-24 11:45,2026-09-24 12:05,GOODS,HIGH
GDS-504,2026-09-24,STN_C-STN_D,UP_MAIN,2026-09-24 20:52,2026-09-24 21:37,GOODS,HIGH
GDS-505,2026-09-24,STN_C-STN_D,UP_MAIN,2026-09-24 10:02,2026-09-24 10:22,GOODS,MEDIUM
GDS-506,2026-09-24,STN_C-STN_D,DN_MAIN,2026-09-24 00:01,2026-09-24 00:31,GOODS,HIGH
GDS-507,2026-09-24,STN_C-STN_D,DN_MAIN,2026-09-24 09:37,2026-09-24 09:57,GOODS,HIGH
GDS-508,2026-09-25,STN_A-STN_B,UP_MAIN,2026-09-25 23:58,2026-09-26 00:43,GOODS,MEDIUM
GDS-509,2026-09-25,STN_A-STN_B,UP_MAIN,2026-09-25 13:03,2026-09-25 13:48,GOODS,MEDIUM
GDS-510,2026-09-25,STN_A-STN_B,UP_MAIN,2026-09-25 14:51,2026-09-25 15:16,GOODS,HIGH
GDS-511,2026-09-25,STN_A-STN_B,UP_MAIN,2026-09-25 16:12,2026-09-25 16:37,GOODS,HIGH
GDS-512,2026-09-25,STN_A-STN_B,UP_MAIN,2026-09-25 18:57,2026-09-25 19:42,GOODS,MEDIUM
GDS-513,2026-09-25,STN_A-STN_B,DN_MAIN,2026-09-25 05:15,2026-09-25 05:45,GOODS,HIGH
GDS-514,2026-09-25,STN_A-STN_B,DN_MAIN,2026-09-25 04:35,2026-09-25 04:55,GOODS,HIGH
GDS-515,2026-09-25,STN_A-STN_B,DN_MAIN,2026-09-25 22:07,2026-09-25 22:27,GOODS,HIGH
GDS-516,2026-09-25,STN_A-STN_B,DN_MAIN,2026-09-25 16:36,2026-09-25 17:21,GOODS,HIGH
GDS-517,2026-09-25,STN_A-STN_B,DN_MAIN,2026-09-25 02:53,2026-09-25 03:18,GOODS,MEDIUM
GDS-518,2026-09-25,STN_B-STN_C,UP_MAIN,2026-09-25 23:44,2026-09-26 00:29,GOODS,HIGH
GDS-519,2026-09-25,STN_B-STN_C,UP_MAIN,2026-09-25 15:30,2026-09-25 16:15,GOODS,MEDIUM
GDS-520,2026-09-25,STN_B-STN_C,UP_MAIN,2026-09-25 13:07,2026-09-25 13:37,GOODS,HIGH
GDS-521,2026-09-25,STN_B-STN_C,UP_MAIN,2026-09-25 06:20,2026-09-25 07:05,GOODS,HIGH
GDS-522,2026-09-25,STN_B-STN_C,UP_MAIN,2026-09-25 19:43,2026-09-25 20:28,GOODS,HIGH
GDS-523,2026-09-25,STN_B-STN_C,DN_MAIN,2026-09-25 14:01,2026-09-25 14:31,GOODS,HIGH
GDS-524,2026-09-25,STN_B-STN_C,DN_MAIN,2026-09-25 01:17,2026-09-25 02:02,GOODS,MEDIUM
GDS-525,2026-09-25,STN_B-STN_C,DN_MAIN,2026-09-25 03:51,2026-09-25 04:36,GOODS,HIGH
GDS-526,2026-09-25,STN_B-STN_C,DN_MAIN,2026-09-25 04:50,2026-09-25 05:20,GOODS,MEDIUM
GDS-527,2026-09-25,STN_C-STN_D,UP_MAIN,2026-09-25 17:51,2026-09-25 18:11,GOODS,HIGH
GDS-528,2026-09-25,STN_C-STN_D,UP_MAIN,2026-09-25 16:07,2026-09-25 16:27,GOODS,MEDIUM
GDS-529,2026-09-25,STN_C-STN_D,DN_MAIN,2026-09-25 11:43,2026-09-25 12:03,GOODS,MEDIUM
GDS-530,2026-09-25,STN_C-STN_D,DN_MAIN,2026-09-25 15:29,2026-09-25 16:14,GOODS,MEDIUM
GDS-531,2026-09-26,STN_A-STN_B,UP_MAIN,2026-09-26 12:02,2026-09-26 12:32,GOODS,MEDIUM
GDS-532,2026-09-26,STN_A-STN_B,UP_MAIN,2026-09-26 05:43,2026-09-26 06:03,GOODS,MEDIUM
GDS-533,2026-09-26,STN_A-STN_B,UP_MAIN,2026-09-26 19:14,2026-09-26 19:44,GOODS,HIGH
GDS-534,2026-09-26,STN_A-STN_B,UP_MAIN,2026-09-26 21:28,2026-09-26 22:13,GOODS,HIGH
GDS-535,2026-09-26,STN_A-STN_B,UP_MAIN,2026-09-26 19:33,2026-09-26 19:53,GOODS,MEDIUM
GDS-536,2026-09-26,STN_A-STN_B,DN_MAIN,2026-09-26 09:47,2026-09-26 10:32,GOODS,HIGH
GDS-537,2026-09-26,STN_A-STN_B,DN_MAIN,2026-09-26 04:19,2026-09-26 04:39,GOODS,MEDIUM
GDS-538,2026-09-26,STN_B-STN_C,UP_MAIN,2026-09-26 04:31,2026-09-26 05:01,GOODS,MEDIUM
GDS-539,2026-09-26,STN_B-STN_C,UP_MAIN,2026-09-26 08:46,2026-09-26 09:06,GOODS,HIGH
GDS-540,2026-09-26,STN_B-STN_C,UP_MAIN,2026-09-26 20:36,2026-09-26 21:01,GOODS,HIGH
GDS-541,2026-09-26,STN_B-STN_C,UP_MAIN,2026-09-26 22:29,2026-09-26 23:14,GOODS,MEDIUM
GDS-542,2026-09-26,STN_B-STN_C,DN_MAIN,2026-09-26 08:55,2026-09-26 09:20,GOODS,MEDIUM
GDS-543,2026-09-26,STN_B-STN_C,DN_MAIN,2026-09-26 06:10,2026-09-26 06:30,GOODS,MEDIUM
GDS-544,2026-09-26,STN_B-STN_C,DN_MAIN,2026-09-26 02:52,2026-09-26 03:17,GOODS,HIGH
GDS-545,2026-09-26,STN_C-STN_D,UP_MAIN,2026-09-26 14:05,2026-09-26 14:50,GOODS,HIGH
GDS-546,2026-09-26,STN_C-STN_D,UP_MAIN,2026-09-26 22:33,2026-09-26 23:18,GOODS,HIGH
GDS-547,2026-09-26,STN_C-STN_D,UP_MAIN,2026-09-26 07:11,2026-09-26 07:41,GOODS,HIGH
GDS-548,2026-09-26,STN_C-STN_D,UP_MAIN,2026-09-26 21:55,2026-09-26 22:25,GOODS,HIGH
GDS-549,2026-09-26,STN_C-STN_D,UP_MAIN,2026-09-26 01:47,2026-09-26 02:12,GOODS,MEDIUM
GDS-550,2026-09-26,STN_C-STN_D,DN_MAIN,2026-09-26 16:15,2026-09-26 16:45,GOODS,MEDIUM
GDS-551,2026-09-26,STN_C-STN_D,DN_MAIN,2026-09-26 18:10,2026-09-26 18:35,GOODS,MEDIUM
GDS-552,2026-09-26,STN_C-STN_D,DN_MAIN,2026-09-26 23:19,2026-09-27 00:04,GOODS,MEDIUM
GDS-553,2026-09-26,STN_C-STN_D,DN_MAIN,2026-09-26 08:57,2026-09-26 09:22,GOODS,MEDIUM
GDS-554,2026-09-26,STN_C-STN_D,DN_MAIN,2026-09-26 00:24,2026-09-26 00:54,GOODS,MEDIUM
GDS-555,2026-09-27,STN_A-STN_B,UP_MAIN,2026-09-27 23:09,2026-09-27 23:39,GOODS,HIGH
GDS-556,2026-09-27,STN_A-STN_B,UP_MAIN,2026-09-27 03:19,2026-09-27 03:49,GOODS,MEDIUM
GDS-557,2026-09-27,STN_A-STN_B,UP_MAIN,2026-09-27 20:50,2026-09-27 21:20,GOODS,MEDIUM
GDS-558,2026-09-27,STN_A-STN_B,UP_MAIN,2026-09-27 09:13,2026-09-27 09:43,GOODS,HIGH
GDS-559,2026-09-27,STN_A-STN_B,UP_MAIN,2026-09-27 08:42,2026-09-27 09:27,GOODS,MEDIUM
GDS-560,2026-09-27,STN_A-STN_B,DN_MAIN,2026-09-27 22:56,2026-09-27 23:21,GOODS,MEDIUM
GDS-561,2026-09-27,STN_A-STN_B,DN_MAIN,2026-09-27 23:07,2026-09-27 23:32,GOODS,MEDIUM
GDS-562,2026-09-27,STN_A-STN_B,DN_MAIN,2026-09-27 18:41,2026-09-27 19:01,GOODS,HIGH
GDS-563,2026-09-27,STN_B-STN_C,UP_MAIN,2026-09-27 00:24,2026-09-27 01:09,GOODS,HIGH
GDS-564,2026-09-27,STN_B-STN_C,UP_MAIN,2026-09-27 17:55,2026-09-27 18:15,GOODS,MEDIUM
GDS-565,2026-09-27,STN_B-STN_C,DN_MAIN,2026-09-27 07:29,2026-09-27 07:59,GOODS,MEDIUM
GDS-566,2026-09-27,STN_B-STN_C,DN_MAIN,2026-09-27 06:35,2026-09-27 06:55,GOODS,HIGH
GDS-567,2026-09-27,STN_B-STN_C,DN_MAIN,2026-09-27 21:08,2026-09-27 21:28,GOODS,HIGH
GDS-568,2026-09-27,STN_B-STN_C,DN_MAIN,2026-09-27 20:16,2026-09-27 20:41,GOODS,HIGH
GDS-569,2026-09-27,STN_C-STN_D,UP_MAIN,2026-09-27 02:56,2026-09-27 03:21,GOODS,MEDIUM
GDS-570,2026-09-27,STN_C-STN_D,UP_MAIN,2026-09-27 22:24,2026-09-27 22:49,GOODS,HIGH
GDS-571,2026-09-27,STN_C-STN_D,DN_MAIN,2026-09-27 08:38,2026-09-27 09:08,GOODS,MEDIUM
GDS-572,2026-09-27,STN_C-STN_D,DN_MAIN,2026-09-27 22:32,2026-09-27 22:52,GOODS,MEDIUM
GDS-573,2026-09-27,STN_C-STN_D,DN_MAIN,2026-09-27 09:26,2026-09-27 10:11,GOODS,MEDIUM
GDS-574,2026-09-28,STN_A-STN_B,UP_MAIN,2026-09-28 05:31,2026-09-28 05:51,GOODS,MEDIUM
GDS-575,2026-09-28,STN_A-STN_B,UP_MAIN,2026-09-28 02:07,2026-09-28 02:52,GOODS,MEDIUM
GDS-576,2026-09-28,STN_A-STN_B,UP_MAIN,2026-09-28 11:21,2026-09-28 11:41,GOODS,MEDIUM
GDS-577,2026-09-28,STN_A-STN_B,UP_MAIN,2026-09-28 09:02,2026-09-28 09:27,GOODS,MEDIUM
GDS-578,2026-09-28,STN_A-STN_B,DN_MAIN,2026-09-28 16:47,2026-09-28 17:12,GOODS,MEDIUM
GDS-579,2026-09-28,STN_A-STN_B,DN_MAIN,2026-09-28 06:05,2026-09-28 06:50,GOODS,HIGH
GDS-580,2026-09-28,STN_B-STN_C,UP_MAIN,2026-09-28 18:27,2026-09-28 19:12,GOODS,HIGH
GDS-581,2026-09-28,STN_B-STN_C,UP_MAIN,2026-09-28 20:57,2026-09-28 21:17,GOODS,MEDIUM
GDS-582,2026-09-28,STN_B-STN_C,UP_MAIN,2026-09-28 08:50,2026-09-28 09:10,GOODS,HIGH
GDS-583,2026-09-28,STN_B-STN_C,DN_MAIN,2026-09-28 02:24,2026-09-28 02:54,GOODS,MEDIUM
GDS-584,2026-09-28,STN_B-STN_C,DN_MAIN,2026-09-28 00:38,2026-09-28 01:23,GOODS,HIGH
GDS-585,2026-09-28,STN_C-STN_D,UP_MAIN,2026-09-28 01:17,2026-09-28 02:02,GOODS,MEDIUM
GDS-586,2026-09-28,STN_C-STN_D,UP_MAIN,2026-09-28 05:10,2026-09-28 05:40,GOODS,MEDIUM
GDS-587,2026-09-28,STN_C-STN_D,DN_MAIN,2026-09-28 17:35,2026-09-28 18:20,GOODS,MEDIUM
GDS-588,2026-09-28,STN_C-STN_D,DN_MAIN,2026-09-28 14:53,2026-09-28 15:38,GOODS,HIGH
